Name, Duration / user, Runs, Fails, Min, Max, Median, Average, Real Throughput, Requests Throughput
CreateTaggedPagesTree.AddTagToResourceTest, 281.8, 50, 10, 45.0, 79.0, 55, 56.36, 48.69781027793018, 150.69318866787222
CreateTaggedPagesTree, 801.1, 50, 10, 137.0, 205.0, 156, 160.22, 39.87480882690811, 58.74750323111268
CreateTaggedPagesTree.create_pages_tree, 327.7, 60, 0, 33.0, 80.0, 52, 54.61666666666667, 61.90640425218748, 154.75883415011606
CreateTaggedPagesTree.create_tag_tree, 262.2, 60, 0, 21.0, 72.0, 45, 43.7, 52.73386826563443, 186.21973929236498
